donation_id,donation_date,donor_type,state,program,channel,amount_inr,repeat_donor
D00001,2025-02-18,Corporate,West Bengal,Healthcare,Online,3975,False
D00002,2026-02-27,Foundation,West Bengal,Community Development,Online,1022,False
D00003,2025-12-24,Community,Rajasthan,Education,UPI,250,False
D00004,2025-08-28,Individual,Rajasthan,Livelihood,UPI,478,False
D00005,2025-08-25,Individual,West Bengal,Community Development,Campaign Event,5228,False
D00006,2026-04-14,Corporate,Delhi,Community Development,Campaign Event,1332,False
D00007,2025-02-16,Individual,Jharkhand,Healthcare,Bank Transfer,1025,True
D00008,2026-01-16,Foundation,Delhi,Women Empowerment,Campaign Event,6171,False
D00009,2025-04-21,Individual,Jharkhand,Education,UPI,4649,False
D00010,2025-02-21,Individual,West Bengal,Education,Bank Transfer,1833,True
D00011,2025-10-15,Individual,Delhi,Healthcare,Campaign Event,1444,False
D00012,2026-06-17,Foundation,Jharkhand,Community Development,Online,1630,True
D00013,2026-02-06,Individual,Bihar,Women Empowerment,UPI,2134,False
D00014,2026-02-20,Individual,West Bengal,Livelihood,Campaign Event,5976,True
D00015,2026-01-27,Individual,Delhi,Healthcare,UPI,2471,False
D00016,2026-03-06,Individual,Delhi,Education,Campaign Event,3103,False
D00017,2025-10-08,Individual,Jharkhand,Healthcare,Online,4326,False
D00018,2025-03-11,Corporate,Uttar Pradesh,Education,UPI,749,True
D00019,2026-04-04,Individual,Jharkhand,Education,Campaign Event,3171,False
D00020,2025-09-03,Foundation,West Bengal,Women Empowerment,UPI,1443,False
D00021,2025-10-01,Foundation,Delhi,Education,Campaign Event,273,True
D00022,2025-07-22,Individual,Bihar,Education,Bank Transfer,365,True
D00023,2025-04-10,Individual,Delhi,Livelihood,UPI,839,True
D00024,2026-05-22,Individual,Uttar Pradesh,Healthcare,Bank Transfer,2681,True
D00025,2026-03-03,Individual,Delhi,Livelihood,Campaign Event,1960,False
D00026,2025-12-18,Individual,Jharkhand,Education,Online,2067,False
D00027,2025-08-08,Community,Bihar,Healthcare,Bank Transfer,7776,False
D00028,2026-03-26,Community,West Bengal,Livelihood,Online,695,False
D00029,2025-10-25,Corporate,Uttar Pradesh,Women Empowerment,UPI,1763,False
D00030,2025-08-31,Individual,Rajasthan,Livelihood,Online,2262,False
D00031,2025-09-03,Corporate,West Bengal,Livelihood,Bank Transfer,1036,False
D00032,2025-05-05,Corporate,Uttar Pradesh,Livelihood,Campaign Event,1839,True
D00033,2025-02-20,Individual,Jharkhand,Healthcare,Bank Transfer,542,False
D00034,2025-10-30,Corporate,Bihar,Healthcare,Online,5182,False
D00035,2026-04-30,Individual,Bihar,Livelihood,Online,1080,False
D00036,2025-02-04,Individual,Rajasthan,Education,Online,8259,False
D00037,2026-04-14,Individual,West Bengal,Women Empowerment,Campaign Event,1757,False
D00038,2026-03-28,Individual,Bihar,Women Empowerment,UPI,3892,True
D00039,2025-06-01,Individual,Uttar Pradesh,Healthcare,Campaign Event,1729,False
D00040,2025-12-11,Foundation,Uttar Pradesh,Healthcare,Online,1759,True
D00041,2025-04-01,Community,Delhi,Healthcare,Bank Transfer,1162,False
D00042,2026-02-18,Individual,Uttar Pradesh,Women Empowerment,Online,1968,True
D00043,2026-01-18,Foundation,Uttar Pradesh,Women Empowerment,Bank Transfer,2285,False
D00044,2025-07-13,Community,Jharkhand,Education,UPI,1000,False
D00045,2025-02-07,Individual,Uttar Pradesh,Livelihood,Campaign Event,1639,True
D00046,2026-06-15,Individual,Rajasthan,Education,Bank Transfer,1139,False
D00047,2025-09-01,Individual,West Bengal,Livelihood,Campaign Event,10100,False
D00048,2026-05-03,Individual,West Bengal,Healthcare,UPI,1683,False
D00049,2026-01-06,Corporate,Uttar Pradesh,Healthcare,Bank Transfer,5736,True
D00050,2026-03-01,Individual,West Bengal,Livelihood,Campaign Event,1554,True
D00051,2026-02-19,Individual,Rajasthan,Healthcare,Bank Transfer,2186,False
D00052,2025-04-17,Individual,Uttar Pradesh,Healthcare,Online,668,False
D00053,2025-07-18,Individual,West Bengal,Women Empowerment,Campaign Event,1287,False
D00054,2025-09-12,Community,Delhi,Community Development,Campaign Event,2108,True
D00055,2025-09-29,Individual,West Bengal,Education,Online,5914,False
D00056,2025-01-24,Individual,Delhi,Healthcare,Campaign Event,2126,True
D00057,2025-10-26,Individual,West Bengal,Community Development,Campaign Event,5081,True
D00058,2025-03-26,Individual,Bihar,Livelihood,Campaign Event,2911,False
D00059,2026-02-10,Individual,Delhi,Healthcare,Bank Transfer,6100,True
D00060,2026-01-08,Individual,Uttar Pradesh,Livelihood,UPI,1722,False
D00061,2026-05-19,Individual,Uttar Pradesh,Education,UPI,10810,False
D00062,2026-02-11,Individual,Uttar Pradesh,Education,UPI,1251,False
D00063,2025-07-20,Foundation,Delhi,Women Empowerment,UPI,1013,False
D00064,2026-06-13,Corporate,Bihar,Livelihood,UPI,726,True
D00065,2025-08-13,Corporate,West Bengal,Women Empowerment,UPI,10340,True
D00066,2025-06-27,Corporate,Jharkhand,Healthcare,UPI,3328,True
D00067,2026-05-10,Corporate,West Bengal,Community Development,UPI,1401,False
D00068,2025-07-22,Individual,West Bengal,Livelihood,Online,4593,False
D00069,2025-02-11,Individual,Bihar,Women Empowerment,Online,3015,True
D00070,2025-09-14,Individual,Bihar,Education,Campaign Event,7865,True
D00071,2026-03-11,Individual,Delhi,Education,Campaign Event,564,True
D00072,2025-04-14,Foundation,Delhi,Women Empowerment,UPI,1475,False
D00073,2025-09-10,Individual,Uttar Pradesh,Community Development,Online,1272,False
D00074,2025-03-12,Corporate,West Bengal,Community Development,Campaign Event,410,False
D00075,2026-01-10,Foundation,Jharkhand,Healthcare,Online,3987,False
D00076,2025-09-17,Individual,West Bengal,Education,Bank Transfer,1470,True
D00077,2025-06-30,Community,Bihar,Community Development,Bank Transfer,3135,False
D00078,2025-05-04,Individual,West Bengal,Women Empowerment,Online,10566,False
D00079,2025-11-05,Foundation,Uttar Pradesh,Healthcare,Campaign Event,1381,True
D00080,2026-01-01,Individual,Delhi,Women Empowerment,UPI,1312,False
D00081,2026-05-29,Individual,Delhi,Community Development,Bank Transfer,1968,True
D00082,2025-08-27,Individual,West Bengal,Healthcare,UPI,3774,False
D00083,2025-03-29,Individual,Uttar Pradesh,Women Empowerment,Online,1177,False
D00084,2026-03-31,Individual,Uttar Pradesh,Women Empowerment,Bank Transfer,1121,False
D00085,2025-12-10,Community,Delhi,Livelihood,UPI,3978,False
D00086,2026-01-18,Corporate,Delhi,Women Empowerment,Bank Transfer,2391,True
D00087,2025-02-23,Individual,Uttar Pradesh,Healthcare,Campaign Event,388,False
D00088,2025-06-20,Individual,Uttar Pradesh,Community Development,Online,718,False
D00089,2026-02-24,Individual,Uttar Pradesh,Community Development,Online,5550,False
D00090,2026-03-31,Individual,Delhi,Community Development,UPI,2433,False
D00091,2025-08-26,Community,Delhi,Women Empowerment,Campaign Event,1016,True
D00092,2026-03-16,Individual,Delhi,Education,Bank Transfer,1584,False
D00093,2026-04-05,Individual,West Bengal,Healthcare,Online,1818,False
D00094,2025-07-31,Individual,Uttar Pradesh,Livelihood,Campaign Event,3125,True
D00095,2026-05-06,Individual,Rajasthan,Community Development,Bank Transfer,650,False
D00096,2025-06-07,Individual,West Bengal,Livelihood,Online,958,False
D00097,2025-05-11,Corporate,Uttar Pradesh,Livelihood,UPI,2209,False
D00098,2026-01-08,Corporate,Uttar Pradesh,Education,Bank Transfer,1670,False
D00099,2025-12-14,Community,Uttar Pradesh,Women Empowerment,Campaign Event,2764,False
D00100,2025-03-18,Corporate,Uttar Pradesh,Healthcare,Bank Transfer,716,False
D00101,2026-03-31,Individual,Delhi,Education,UPI,2353,True
D00102,2025-04-20,Corporate,Bihar,Community Development,UPI,4082,False
D00103,2026-03-16,Community,Bihar,Education,Online,2593,False
D00104,2025-01-05,Corporate,Delhi,Education,Bank Transfer,1998,False
D00105,2026-03-12,Community,West Bengal,Education,Online,1675,False
D00106,2026-03-06,Corporate,Uttar Pradesh,Livelihood,UPI,962,False
D00107,2026-03-03,Foundation,Rajasthan,Education,Campaign Event,1705,False
D00108,2025-12-30,Individual,Delhi,Community Development,Campaign Event,4630,False
D00109,2025-09-15,Corporate,Rajasthan,Livelihood,Bank Transfer,1646,False
D00110,2026-01-21,Individual,Uttar Pradesh,Healthcare,Bank Transfer,924,False
D00111,2025-06-01,Individual,Jharkhand,Education,UPI,1244,True
D00112,2026-03-03,Corporate,West Bengal,Livelihood,UPI,2093,False
D00113,2025-10-31,Community,Bihar,Education,Campaign Event,1360,False
D00114,2025-09-08,Community,Rajasthan,Community Development,Online,2590,False
D00115,2025-10-04,Individual,Delhi,Healthcare,Online,2664,False
D00116,2025-11-07,Corporate,Delhi,Livelihood,Bank Transfer,3506,False
D00117,2025-01-21,Corporate,Jharkhand,Education,Bank Transfer,5235,False
D00118,2025-03-18,Individual,Jharkhand,Education,Bank Transfer,3799,True
D00119,2025-05-15,Individual,Bihar,Healthcare,Campaign Event,893,False
D00120,2025-03-04,Individual,Rajasthan,Education,Online,914,False
D00121,2025-08-29,Corporate,Jharkhand,Women Empowerment,Campaign Event,1701,True
D00122,2025-12-31,Individual,Rajasthan,Community Development,UPI,1283,True
D00123,2025-12-24,Community,Delhi,Community Development,UPI,766,False
D00124,2025-09-15,Individual,Jharkhand,Healthcare,UPI,1292,False
D00125,2026-04-12,Community,Delhi,Women Empowerment,Online,1261,False
D00126,2025-11-05,Individual,Rajasthan,Livelihood,UPI,1088,True
D00127,2025-02-13,Corporate,West Bengal,Education,Online,1420,False
D00128,2026-02-22,Individual,Rajasthan,Education,UPI,4356,False
D00129,2025-11-10,Individual,Jharkhand,Livelihood,UPI,2090,False
D00130,2025-12-13,Foundation,West Bengal,Livelihood,UPI,11492,False
D00131,2025-11-05,Community,Delhi,Education,Bank Transfer,2046,True
D00132,2025-10-30,Foundation,Delhi,Community Development,Bank Transfer,1448,False
D00133,2025-02-19,Individual,West Bengal,Women Empowerment,Bank Transfer,1806,True
D00134,2025-11-02,Individual,Bihar,Livelihood,Online,2182,False
D00135,2026-03-11,Individual,West Bengal,Community Development,UPI,2495,True
D00136,2025-06-15,Individual,Bihar,Community Development,Online,8545,False
D00137,2025-11-26,Corporate,Jharkhand,Community Development,Bank Transfer,955,True
D00138,2025-01-17,Corporate,Delhi,Healthcare,UPI,3428,False
D00139,2025-07-09,Corporate,Delhi,Community Development,Online,2103,False
D00140,2025-08-27,Foundation,Delhi,Livelihood,Campaign Event,554,False
D00141,2026-06-21,Corporate,Delhi,Women Empowerment,Bank Transfer,3209,True
D00142,2025-04-28,Foundation,Delhi,Community Development,Online,4658,True
D00143,2025-05-31,Individual,Delhi,Education,UPI,946,False
D00144,2025-08-12,Individual,Jharkhand,Livelihood,UPI,1788,False
D00145,2026-06-26,Corporate,West Bengal,Education,UPI,494,False
D00146,2026-04-11,Foundation,Jharkhand,Healthcare,Campaign Event,700,False
D00147,2025-01-19,Individual,Jharkhand,Livelihood,Bank Transfer,3950,False
D00148,2025-05-08,Individual,Rajasthan,Community Development,Campaign Event,1269,False
D00149,2026-03-25,Corporate,Rajasthan,Community Development,Bank Transfer,784,True
D00150,2025-02-01,Individual,Bihar,Healthcare,UPI,2138,False
D00151,2026-04-13,Individual,West Bengal,Healthcare,Online,1216,False
D00152,2025-06-03,Foundation,Uttar Pradesh,Livelihood,UPI,1264,False
D00153,2026-05-17,Corporate,Uttar Pradesh,Community Development,Bank Transfer,3134,False
D00154,2025-06-10,Individual,West Bengal,Community Development,UPI,753,False
D00155,2025-08-26,Foundation,Bihar,Healthcare,Campaign Event,913,False
D00156,2025-12-28,Individual,Rajasthan,Education,Campaign Event,2021,False
D00157,2025-03-10,Foundation,West Bengal,Women Empowerment,Campaign Event,3724,True
D00158,2025-11-01,Individual,Rajasthan,Healthcare,Online,4556,False
D00159,2025-10-03,Individual,West Bengal,Education,Online,1093,False
D00160,2026-03-05,Individual,Rajasthan,Education,Campaign Event,3636,False
D00161,2026-06-28,Individual,Bihar,Livelihood,Bank Transfer,1000,False
D00162,2025-12-29,Foundation,Rajasthan,Healthcare,Online,7081,True
D00163,2025-08-12,Individual,Bihar,Livelihood,Bank Transfer,769,True
D00164,2025-08-10,Individual,Uttar Pradesh,Healthcare,Campaign Event,4875,True
D00165,2025-08-17,Individual,Bihar,Women Empowerment,Bank Transfer,1100,False
D00166,2026-03-21,Corporate,Delhi,Women Empowerment,Online,8148,True
D00167,2025-06-25,Foundation,West Bengal,Livelihood,UPI,2805,False
D00168,2025-04-02,Community,Uttar Pradesh,Education,Online,840,False
D00169,2025-07-02,Individual,West Bengal,Livelihood,Bank Transfer,1217,False
D00170,2025-01-13,Individual,Jharkhand,Women Empowerment,Online,3234,True
D00171,2025-02-27,Individual,Jharkhand,Healthcare,UPI,3964,False
D00172,2025-02-19,Individual,Rajasthan,Healthcare,Bank Transfer,1707,True
D00173,2026-02-26,Community,Delhi,Livelihood,Campaign Event,1861,False
D00174,2026-01-30,Corporate,Delhi,Healthcare,Bank Transfer,3179,True
D00175,2026-01-16,Individual,Rajasthan,Livelihood,Online,1987,True
D00176,2025-09-10,Individual,Jharkhand,Healthcare,Online,682,True
D00177,2026-01-27,Community,Jharkhand,Healthcare,Online,978,False
D00178,2025-03-30,Individual,Uttar Pradesh,Women Empowerment,Bank Transfer,2147,True
D00179,2026-05-07,Individual,Uttar Pradesh,Livelihood,Online,4479,False
D00180,2025-10-01,Individual,Uttar Pradesh,Livelihood,Bank Transfer,6048,False
D00181,2026-05-28,Individual,Uttar Pradesh,Women Empowerment,Campaign Event,3230,False
D00182,2025-03-25,Individual,Uttar Pradesh,Healthcare,Campaign Event,2233,True
D00183,2025-09-29,Individual,West Bengal,Education,UPI,3156,True
D00184,2026-01-16,Individual,Bihar,Community Development,Campaign Event,1092,False
D00185,2025-09-28,Corporate,Jharkhand,Education,Campaign Event,1605,True
D00186,2025-09-01,Individual,Rajasthan,Livelihood,UPI,970,False
D00187,2025-04-01,Individual,West Bengal,Healthcare,Campaign Event,706,True
D00188,2025-07-28,Community,Delhi,Healthcare,Online,2312,False
D00189,2025-05-11,Corporate,Bihar,Education,Campaign Event,2069,True
D00190,2025-06-14,Individual,Rajasthan,Community Development,Bank Transfer,3015,False
D00191,2026-01-09,Individual,Bihar,Livelihood,UPI,2711,True
D00192,2025-12-11,Foundation,West Bengal,Healthcare,Campaign Event,2159,False
D00193,2025-11-28,Individual,West Bengal,Women Empowerment,Bank Transfer,2733,True
D00194,2025-07-17,Individual,Uttar Pradesh,Education,Online,1743,False
D00195,2026-06-08,Community,West Bengal,Livelihood,Bank Transfer,2453,False
D00196,2025-02-17,Individual,Uttar Pradesh,Livelihood,Bank Transfer,1044,True
D00197,2025-07-07,Corporate,Uttar Pradesh,Livelihood,Campaign Event,2375,True
D00198,2025-03-06,Individual,West Bengal,Education,Campaign Event,2972,True
D00199,2025-07-05,Corporate,Rajasthan,Community Development,UPI,1089,True
D00200,2026-06-10,Individual,Uttar Pradesh,Healthcare,Campaign Event,1871,True
D00201,2025-07-19,Individual,Rajasthan,Women Empowerment,Bank Transfer,1128,False
D00202,2026-05-12,Individual,Rajasthan,Women Empowerment,Bank Transfer,1213,False
D00203,2025-09-28,Individual,West Bengal,Healthcare,Campaign Event,774,True
D00204,2026-01-18,Foundation,Bihar,Education,UPI,4651,False
D00205,2025-09-07,Individual,Uttar Pradesh,Healthcare,UPI,4003,True
D00206,2025-05-26,Individual,West Bengal,Community Development,Bank Transfer,2694,False
D00207,2026-02-22,Corporate,Rajasthan,Community Development,UPI,7901,True
D00208,2026-06-14,Corporate,West Bengal,Community Development,Campaign Event,1562,False
D00209,2025-05-24,Individual,Delhi,Healthcare,Bank Transfer,17490,False
D00210,2026-03-02,Individual,Uttar Pradesh,Women Empowerment,Online,1518,True
D00211,2025-05-23,Community,Rajasthan,Education,Online,2180,True
D00212,2026-01-27,Corporate,Uttar Pradesh,Women Empowerment,Online,1336,False
D00213,2026-03-07,Foundation,Delhi,Livelihood,Bank Transfer,2380,False
D00214,2025-09-03,Community,Rajasthan,Women Empowerment,UPI,3369,False
D00215,2026-02-07,Corporate,Jharkhand,Women Empowerment,Campaign Event,1653,False
D00216,2025-05-29,Individual,Uttar Pradesh,Community Development,Online,6823,False
D00217,2025-02-13,Individual,Bihar,Livelihood,Campaign Event,2154,False
D00218,2025-02-22,Individual,Delhi,Healthcare,UPI,2205,False
D00219,2025-09-02,Corporate,Rajasthan,Livelihood,Online,910,False
D00220,2026-05-08,Community,Delhi,Education,Bank Transfer,2464,False
D00221,2025-03-11,Individual,West Bengal,Education,Bank Transfer,1628,True
D00222,2025-09-06,Individual,Uttar Pradesh,Livelihood,Campaign Event,1141,False
D00223,2026-01-20,Individual,West Bengal,Community Development,Campaign Event,1005,True
D00224,2025-04-21,Community,West Bengal,Livelihood,Campaign Event,13351,True
D00225,2026-01-30,Individual,Jharkhand,Women Empowerment,UPI,1477,False
D00226,2025-06-17,Individual,West Bengal,Education,Bank Transfer,604,True
D00227,2026-03-18,Individual,Jharkhand,Livelihood,Bank Transfer,1066,True
D00228,2025-11-13,Individual,Delhi,Women Empowerment,Campaign Event,1732,True
D00229,2025-10-26,Individual,West Bengal,Healthcare,Online,2712,False
D00230,2025-04-07,Individual,Rajasthan,Education,Bank Transfer,2729,False
D00231,2025-09-10,Individual,Rajasthan,Education,Online,2990,True
D00232,2026-04-13,Individual,Uttar Pradesh,Community Development,Bank Transfer,1110,True
D00233,2025-01-11,Individual,West Bengal,Women Empowerment,Bank Transfer,2324,False
D00234,2026-02-19,Individual,Bihar,Healthcare,Online,933,False
D00235,2025-09-27,Individual,Jharkhand,Healthcare,Bank Transfer,1131,True
D00236,2026-01-28,Corporate,Jharkhand,Education,Campaign Event,904,False
D00237,2025-12-29,Individual,Delhi,Community Development,UPI,738,False
D00238,2025-08-24,Individual,Rajasthan,Education,Campaign Event,3999,True
D00239,2025-06-18,Individual,Rajasthan,Women Empowerment,Campaign Event,3017,False
D00240,2025-12-09,Individual,Bihar,Healthcare,Campaign Event,3744,False
D00241,2025-03-18,Individual,Uttar Pradesh,Healthcare,Bank Transfer,1854,False
D00242,2025-11-15,Individual,Uttar Pradesh,Healthcare,Campaign Event,3223,False
D00243,2025-02-21,Foundation,Rajasthan,Community Development,Campaign Event,480,False
D00244,2025-12-21,Individual,Jharkhand,Education,Campaign Event,3439,False
D00245,2025-12-10,Individual,West Bengal,Healthcare,Bank Transfer,2056,False
D00246,2025-02-16,Individual,West Bengal,Healthcare,Online,2881,False
D00247,2026-02-18,Individual,West Bengal,Healthcare,UPI,2394,False
D00248,2025-08-16,Individual,Bihar,Education,Campaign Event,859,False
D00249,2026-03-06,Corporate,Bihar,Community Development,Campaign Event,585,False
D00250,2025-01-23,Foundation,Delhi,Healthcare,UPI,1055,True
D00251,2025-04-08,Individual,Delhi,Livelihood,Online,2750,True
D00252,2025-09-27,Individual,West Bengal,Healthcare,Bank Transfer,3020,False
D00253,2025-04-13,Individual,Bihar,Community Development,UPI,645,False
D00254,2025-06-30,Individual,Delhi,Healthcare,UPI,862,True
D00255,2025-12-27,Corporate,Uttar Pradesh,Healthcare,Bank Transfer,1046,False
D00256,2025-03-20,Individual,Uttar Pradesh,Healthcare,Bank Transfer,1377,True
D00257,2026-01-06,Individual,Uttar Pradesh,Healthcare,Online,648,True
D00258,2025-02-26,Community,Uttar Pradesh,Education,Bank Transfer,620,False
D00259,2025-04-06,Individual,Jharkhand,Women Empowerment,UPI,972,True
D00260,2025-11-17,Individual,Delhi,Education,Online,1920,False
D00261,2026-03-10,Corporate,Delhi,Healthcare,Campaign Event,743,True
D00262,2025-04-04,Individual,Delhi,Healthcare,Online,1650,False
D00263,2025-06-13,Individual,West Bengal,Healthcare,UPI,3982,True
D00264,2026-05-21,Individual,Rajasthan,Women Empowerment,Bank Transfer,678,False
D00265,2026-06-25,Community,Jharkhand,Livelihood,Campaign Event,1542,False
D00266,2025-11-14,Individual,Jharkhand,Community Development,Campaign Event,3882,True
D00267,2025-09-02,Individual,West Bengal,Healthcare,UPI,1315,True
D00268,2025-07-09,Individual,West Bengal,Community Development,UPI,1171,True
D00269,2025-12-01,Individual,Bihar,Education,UPI,4308,False
D00270,2025-11-19,Corporate,Rajasthan,Livelihood,UPI,1431,False
D00271,2025-06-10,Individual,Bihar,Women Empowerment,Online,4121,False
D00272,2025-01-13,Individual,Delhi,Livelihood,Bank Transfer,2483,False
D00273,2025-03-24,Individual,Jharkhand,Community Development,Online,1392,False
D00274,2026-06-08,Foundation,Delhi,Healthcare,Bank Transfer,2579,False
D00275,2025-08-17,Individual,Uttar Pradesh,Education,UPI,2289,False
D00276,2025-09-21,Foundation,Rajasthan,Women Empowerment,Online,3871,False
D00277,2025-09-13,Individual,Bihar,Education,Online,1193,False
D00278,2026-03-04,Individual,Uttar Pradesh,Women Empowerment,Campaign Event,1856,False
D00279,2025-02-05,Corporate,Rajasthan,Women Empowerment,Bank Transfer,1719,True
D00280,2025-02-15,Foundation,West Bengal,Community Development,Online,3052,True
D00281,2025-05-31,Individual,Bihar,Livelihood,UPI,834,True
D00282,2025-09-23,Community,West Bengal,Community Development,UPI,3859,False
D00283,2026-01-02,Individual,Rajasthan,Education,Campaign Event,2554,True
D00284,2025-09-25,Individual,Bihar,Livelihood,Campaign Event,670,False
D00285,2025-08-29,Community,Delhi,Education,Campaign Event,4455,False
D00286,2026-05-28,Individual,Delhi,Women Empowerment,UPI,9615,False
D00287,2025-03-29,Foundation,Bihar,Women Empowerment,Bank Transfer,3816,False
D00288,2025-11-09,Individual,Uttar Pradesh,Community Development,Campaign Event,5249,True
D00289,2025-10-24,Corporate,Uttar Pradesh,Women Empowerment,Bank Transfer,1919,False
D00290,2025-09-16,Individual,Uttar Pradesh,Healthcare,Bank Transfer,518,True
D00291,2026-03-17,Individual,Delhi,Education,Campaign Event,451,False
D00292,2025-05-26,Individual,Delhi,Community Development,Campaign Event,2180,False
D00293,2026-06-05,Individual,Uttar Pradesh,Livelihood,Bank Transfer,1155,False
D00294,2025-07-01,Individual,Uttar Pradesh,Education,UPI,907,False
D00295,2025-10-25,Individual,Uttar Pradesh,Community Development,Campaign Event,1717,False
D00296,2025-10-12,Individual,West Bengal,Community Development,Campaign Event,2856,False
D00297,2026-04-09,Individual,Uttar Pradesh,Livelihood,Online,605,False
D00298,2025-08-28,Individual,Rajasthan,Women Empowerment,UPI,1285,False
D00299,2025-06-05,Corporate,Jharkhand,Education,Online,5586,True
D00300,2025-01-12,Corporate,West Bengal,Education,Campaign Event,804,True
D00301,2025-07-18,Corporate,Jharkhand,Healthcare,Online,3456,False
D00302,2026-03-28,Individual,Uttar Pradesh,Women Empowerment,Campaign Event,1251,True
D00303,2025-01-06,Foundation,Jharkhand,Education,Online,2710,False
D00304,2026-05-05,Individual,Uttar Pradesh,Education,Bank Transfer,4099,False
D00305,2025-10-24,Individual,Bihar,Women Empowerment,Online,3139,False
D00306,2025-03-18,Individual,Uttar Pradesh,Women Empowerment,Campaign Event,3560,True
D00307,2025-06-14,Corporate,Uttar Pradesh,Women Empowerment,Bank Transfer,759,False
D00308,2025-10-30,Individual,Bihar,Women Empowerment,UPI,4150,True
D00309,2025-06-22,Individual,Bihar,Community Development,Online,950,False
D00310,2025-03-01,Community,Rajasthan,Women Empowerment,Bank Transfer,2187,False
D00311,2025-12-30,Individual,Jharkhand,Livelihood,Campaign Event,2185,True
D00312,2026-01-03,Individual,Delhi,Community Development,Campaign Event,2590,True
D00313,2025-03-06,Community,Rajasthan,Healthcare,Online,2318,True
D00314,2025-06-03,Individual,Uttar Pradesh,Education,Bank Transfer,956,False
D00315,2025-05-14,Individual,Delhi,Women Empowerment,Bank Transfer,654,False
D00316,2025-12-27,Foundation,Rajasthan,Healthcare,UPI,3463,True
D00317,2026-02-03,Foundation,Jharkhand,Community Development,UPI,2069,True
D00318,2026-02-01,Individual,Delhi,Livelihood,Online,4262,False
D00319,2026-05-28,Corporate,Uttar Pradesh,Community Development,Campaign Event,1741,True
D00320,2026-02-24,Individual,Bihar,Education,Online,627,False
D00321,2025-06-25,Individual,Bihar,Women Empowerment,Bank Transfer,3715,False
D00322,2025-02-28,Individual,Bihar,Livelihood,Campaign Event,1363,False
D00323,2025-12-02,Individual,West Bengal,Livelihood,UPI,2326,False
D00324,2026-05-16,Corporate,Jharkhand,Healthcare,Bank Transfer,1108,False
D00325,2026-06-17,Foundation,Delhi,Community Development,Campaign Event,6178,False
D00326,2025-05-06,Individual,West Bengal,Healthcare,Bank Transfer,933,True
D00327,2025-05-10,Individual,Bihar,Community Development,UPI,1398,True
D00328,2025-01-21,Individual,Uttar Pradesh,Livelihood,Online,1951,False
D00329,2025-03-19,Foundation,Delhi,Education,Online,793,True
D00330,2025-10-30,Individual,Rajasthan,Community Development,Bank Transfer,2306,False
D00331,2025-10-26,Individual,Jharkhand,Education,UPI,6030,False
D00332,2025-07-22,Individual,Rajasthan,Healthcare,Campaign Event,1246,False
D00333,2025-06-19,Individual,Uttar Pradesh,Community Development,Bank Transfer,2421,True
D00334,2026-03-30,Corporate,Rajasthan,Community Development,Campaign Event,250,False
D00335,2025-09-09,Corporate,Bihar,Community Development,UPI,1748,False
D00336,2026-03-18,Individual,Uttar Pradesh,Livelihood,Online,1423,True
D00337,2026-06-10,Corporate,Jharkhand,Women Empowerment,UPI,974,False
D00338,2025-06-23,Community,Bihar,Healthcare,UPI,4051,False
D00339,2025-04-21,Individual,Rajasthan,Women Empowerment,Bank Transfer,1409,False
D00340,2026-06-05,Individual,Rajasthan,Livelihood,Bank Transfer,1576,False
D00341,2025-12-13,Individual,Jharkhand,Education,Bank Transfer,1356,True
D00342,2025-06-08,Corporate,Uttar Pradesh,Livelihood,UPI,427,False
D00343,2025-12-06,Individual,Bihar,Livelihood,UPI,770,False
D00344,2025-10-09,Individual,Jharkhand,Healthcare,Bank Transfer,3701,True
D00345,2026-05-10,Individual,Jharkhand,Healthcare,Bank Transfer,370,False
D00346,2025-05-20,Foundation,West Bengal,Livelihood,Bank Transfer,1013,True
D00347,2026-06-26,Individual,Jharkhand,Education,Bank Transfer,1334,True
D00348,2026-05-27,Corporate,Bihar,Education,Bank Transfer,6656,False
D00349,2025-04-09,Individual,Bihar,Women Empowerment,Bank Transfer,3203,True
D00350,2025-03-31,Community,West Bengal,Healthcare,UPI,1185,False
D00351,2025-10-19,Individual,Bihar,Women Empowerment,Online,4788,True
D00352,2025-01-25,Individual,Rajasthan,Livelihood,UPI,1033,False
D00353,2025-06-13,Foundation,Bihar,Livelihood,Online,3837,True
D00354,2025-08-26,Community,West Bengal,Livelihood,Bank Transfer,650,False
D00355,2026-06-14,Individual,Rajasthan,Livelihood,Campaign Event,4026,True
D00356,2026-06-26,Individual,Delhi,Community Development,Campaign Event,1327,False
D00357,2025-03-24,Corporate,Bihar,Community Development,UPI,832,True
D00358,2026-05-02,Foundation,Rajasthan,Healthcare,UPI,1529,True
D00359,2025-02-19,Individual,Uttar Pradesh,Women Empowerment,Online,2216,False
D00360,2026-02-13,Individual,Jharkhand,Community Development,Bank Transfer,1242,False
D00361,2026-04-07,Corporate,Rajasthan,Education,UPI,2727,False
D00362,2026-05-02,Corporate,West Bengal,Women Empowerment,Campaign Event,1162,True
D00363,2025-05-02,Corporate,Bihar,Livelihood,UPI,2866,True
D00364,2026-05-03,Individual,West Bengal,Community Development,Campaign Event,2508,False
D00365,2025-03-05,Individual,Bihar,Livelihood,Bank Transfer,1720,False
D00366,2025-10-11,Community,West Bengal,Community Development,Online,1293,True
D00367,2025-09-14,Foundation,Jharkhand,Education,Online,2017,False
D00368,2025-06-22,Corporate,Uttar Pradesh,Education,UPI,2720,False
D00369,2025-01-13,Individual,Delhi,Community Development,UPI,8450,False
D00370,2026-02-26,Individual,Bihar,Livelihood,Bank Transfer,3641,True
D00371,2025-07-03,Corporate,Rajasthan,Livelihood,Campaign Event,3743,False
D00372,2025-12-28,Individual,Uttar Pradesh,Education,UPI,18250,True
D00373,2025-08-12,Community,Uttar Pradesh,Healthcare,Bank Transfer,2651,False
D00374,2025-07-24,Individual,Jharkhand,Community Development,Online,2589,True
D00375,2026-04-29,Corporate,West Bengal,Healthcare,UPI,3052,False
D00376,2025-02-21,Foundation,Jharkhand,Livelihood,UPI,845,False
D00377,2026-02-07,Individual,Jharkhand,Healthcare,Online,1290,False
D00378,2026-02-12,Individual,Jharkhand,Healthcare,Bank Transfer,1231,True
D00379,2025-07-27,Individual,Rajasthan,Education,Bank Transfer,2926,True
D00380,2025-05-24,Individual,Delhi,Community Development,UPI,1580,False
D00381,2025-01-03,Individual,West Bengal,Community Development,Online,1997,False
D00382,2026-05-27,Individual,West Bengal,Education,Campaign Event,4069,False
D00383,2026-06-02,Community,Rajasthan,Healthcare,Bank Transfer,3439,True
D00384,2025-05-12,Individual,Rajasthan,Livelihood,Bank Transfer,1594,False
D00385,2025-01-18,Individual,West Bengal,Healthcare,Online,1089,True
D00386,2025-03-09,Individual,Uttar Pradesh,Women Empowerment,Campaign Event,4218,True
D00387,2025-02-06,Individual,West Bengal,Healthcare,Online,3216,True
D00388,2026-03-30,Individual,West Bengal,Education,Campaign Event,540,False
D00389,2026-05-02,Individual,Uttar Pradesh,Healthcare,Bank Transfer,1423,True
D00390,2025-03-25,Corporate,West Bengal,Livelihood,Campaign Event,2038,True
D00391,2026-02-12,Individual,Uttar Pradesh,Education,Online,3228,False
D00392,2025-04-08,Community,Jharkhand,Community Development,Online,3562,False
D00393,2025-07-20,Individual,West Bengal,Education,Campaign Event,2227,True
D00394,2025-11-24,Individual,Uttar Pradesh,Education,Campaign Event,2792,True
D00395,2026-01-29,Corporate,Delhi,Livelihood,UPI,1889,False
D00396,2026-04-23,Foundation,West Bengal,Livelihood,Online,1086,True
D00397,2025-01-25,Individual,Delhi,Healthcare,Campaign Event,1480,True
D00398,2025-04-18,Individual,Rajasthan,Healthcare,Bank Transfer,1826,False
D00399,2025-06-03,Individual,Bihar,Education,Campaign Event,1754,True
D00400,2025-06-19,Individual,West Bengal,Women Empowerment,Campaign Event,438,False
D00401,2026-06-29,Individual,West Bengal,Healthcare,Campaign Event,1336,True
D00402,2026-03-01,Individual,Rajasthan,Education,UPI,1877,True
D00403,2025-06-24,Individual,Bihar,Healthcare,UPI,1458,True
D00404,2026-06-15,Individual,Rajasthan,Community Development,UPI,1496,True
D00405,2025-09-30,Community,Delhi,Healthcare,Online,2596,True
D00406,2025-10-01,Corporate,Delhi,Community Development,Bank Transfer,801,True
D00407,2025-08-25,Individual,Delhi,Healthcare,UPI,531,False
D00408,2025-03-20,Individual,Jharkhand,Education,Campaign Event,1386,False
D00409,2026-05-26,Individual,Jharkhand,Healthcare,UPI,3193,True
D00410,2025-01-08,Individual,Delhi,Healthcare,UPI,6382,False
D00411,2025-04-06,Corporate,Bihar,Education,Online,3236,False
D00412,2025-05-06,Foundation,Rajasthan,Livelihood,Bank Transfer,598,False
D00413,2025-06-02,Community,Uttar Pradesh,Healthcare,UPI,1512,True
D00414,2025-03-13,Community,Bihar,Women Empowerment,Campaign Event,2182,True
D00415,2025-01-10,Community,Jharkhand,Livelihood,Bank Transfer,2056,True
D00416,2026-01-06,Community,Delhi,Livelihood,Online,2697,True
D00417,2026-06-14,Individual,Jharkhand,Livelihood,Bank Transfer,905,True
D00418,2025-03-08,Individual,Rajasthan,Education,Online,1890,False
D00419,2025-06-11,Individual,Bihar,Women Empowerment,UPI,2467,False
D00420,2025-10-04,Individual,Uttar Pradesh,Education,UPI,3344,True
D00421,2026-05-22,Individual,Jharkhand,Women Empowerment,Campaign Event,984,False
D00422,2026-01-15,Foundation,West Bengal,Community Development,Campaign Event,1389,False
D00423,2026-02-23,Individual,Jharkhand,Women Empowerment,Online,250,False
D00424,2025-11-14,Individual,Delhi,Livelihood,Online,1129,False
D00425,2025-08-16,Individual,Jharkhand,Healthcare,Bank Transfer,1215,True
D00426,2025-04-20,Individual,Rajasthan,Community Development,Online,838,False
D00427,2026-04-17,Individual,Delhi,Healthcare,Campaign Event,2038,False
D00428,2026-03-16,Foundation,Rajasthan,Livelihood,Online,1726,False
D00429,2025-01-14,Individual,West Bengal,Women Empowerment,Online,331,False
D00430,2026-01-26,Corporate,Uttar Pradesh,Community Development,Campaign Event,2116,False
D00431,2025-02-16,Individual,Uttar Pradesh,Community Development,Campaign Event,897,True
D00432,2026-02-08,Individual,West Bengal,Education,Online,2591,True
D00433,2026-03-27,Individual,Uttar Pradesh,Community Development,Bank Transfer,688,False
D00434,2025-03-13,Corporate,Delhi,Education,UPI,1841,True
D00435,2025-08-25,Corporate,Uttar Pradesh,Livelihood,UPI,1456,False
D00436,2025-03-09,Individual,Jharkhand,Community Development,Campaign Event,2259,False
D00437,2025-11-06,Community,Uttar Pradesh,Women Empowerment,Bank Transfer,1976,False
D00438,2026-05-22,Individual,Jharkhand,Community Development,Online,1486,True
D00439,2025-02-14,Foundation,Rajasthan,Healthcare,Bank Transfer,569,False
D00440,2025-08-06,Individual,West Bengal,Healthcare,UPI,594,True
D00441,2026-06-16,Individual,Rajasthan,Healthcare,UPI,1162,True
D00442,2025-06-14,Foundation,Bihar,Healthcare,UPI,1789,True
D00443,2025-03-14,Individual,Delhi,Women Empowerment,Campaign Event,1141,False
D00444,2025-09-24,Individual,Uttar Pradesh,Livelihood,Campaign Event,2877,False
D00445,2025-10-05,Individual,Rajasthan,Women Empowerment,Bank Transfer,1460,True
D00446,2025-12-28,Individual,West Bengal,Livelihood,Bank Transfer,873,False
D00447,2025-06-21,Corporate,Uttar Pradesh,Healthcare,UPI,1461,True
D00448,2026-06-06,Foundation,Jharkhand,Education,Bank Transfer,2132,False
D00449,2025-10-12,Foundation,Jharkhand,Livelihood,Bank Transfer,2297,True
D00450,2025-06-06,Individual,Delhi,Community Development,Online,7364,False
D00451,2026-06-09,Individual,Delhi,Community Development,Bank Transfer,1090,False
D00452,2026-05-20,Individual,Bihar,Healthcare,UPI,1703,False
D00453,2025-09-30,Individual,Delhi,Livelihood,Campaign Event,2478,True
D00454,2025-01-14,Individual,Delhi,Women Empowerment,Campaign Event,1769,False
D00455,2025-11-22,Community,West Bengal,Women Empowerment,Bank Transfer,1237,False
D00456,2025-10-31,Foundation,Rajasthan,Education,Online,563,False
D00457,2025-03-22,Corporate,West Bengal,Livelihood,Online,1227,False
D00458,2025-12-13,Individual,Bihar,Education,Bank Transfer,805,False
D00459,2026-04-05,Individual,Rajasthan,Education,UPI,493,True
D00460,2025-02-27,Individual,Delhi,Women Empowerment,Campaign Event,991,False
D00461,2026-01-30,Individual,Delhi,Education,Campaign Event,821,True
D00462,2025-03-18,Individual,Rajasthan,Healthcare,Online,2789,False
D00463,2026-02-13,Individual,Rajasthan,Livelihood,UPI,2825,True
D00464,2025-08-17,Individual,Bihar,Women Empowerment,Bank Transfer,914,True
D00465,2025-01-04,Community,Delhi,Livelihood,Online,1481,False
D00466,2026-06-12,Individual,West Bengal,Education,UPI,447,False
D00467,2025-04-01,Community,Jharkhand,Women Empowerment,Online,1242,False
D00468,2025-11-22,Individual,Uttar Pradesh,Community Development,Bank Transfer,2428,False
D00469,2025-04-10,Individual,Jharkhand,Community Development,UPI,3342,True
D00470,2026-05-25,Individual,Rajasthan,Women Empowerment,Bank Transfer,1054,True
D00471,2026-02-08,Individual,Uttar Pradesh,Livelihood,UPI,3962,True
D00472,2026-03-16,Individual,West Bengal,Community Development,Bank Transfer,578,False
D00473,2025-08-24,Individual,West Bengal,Livelihood,Campaign Event,706,False
D00474,2025-09-13,Community,Rajasthan,Education,Online,3065,False
D00475,2025-12-13,Individual,Uttar Pradesh,Community Development,Online,6304,False
D00476,2026-03-05,Individual,Uttar Pradesh,Healthcare,UPI,2606,True
D00477,2026-04-08,Individual,Jharkhand,Community Development,Bank Transfer,1746,False
D00478,2025-01-10,Individual,Jharkhand,Healthcare,UPI,347,False
D00479,2025-12-29,Individual,Delhi,Community Development,Online,395,False
D00480,2025-03-01,Individual,West Bengal,Livelihood,UPI,1983,True
D00481,2025-06-07,Community,West Bengal,Livelihood,Campaign Event,1376,False
D00482,2026-03-29,Foundation,Uttar Pradesh,Healthcare,Online,785,False
D00483,2025-05-17,Corporate,West Bengal,Community Development,Bank Transfer,1891,True
D00484,2026-03-12,Individual,Uttar Pradesh,Education,Campaign Event,1962,False
D00485,2025-09-10,Individual,Delhi,Livelihood,UPI,3655,True
D00486,2025-05-08,Community,Bihar,Healthcare,Online,1994,False
D00487,2025-07-02,Individual,Delhi,Livelihood,Online,4523,False
D00488,2025-10-17,Individual,Rajasthan,Healthcare,Campaign Event,1811,False
D00489,2026-02-22,Individual,Delhi,Women Empowerment,Campaign Event,1651,True
D00490,2025-11-27,Corporate,West Bengal,Healthcare,Bank Transfer,3999,True
D00491,2026-05-25,Corporate,Bihar,Education,Bank Transfer,864,True
D00492,2026-04-19,Corporate,Jharkhand,Education,Campaign Event,14859,False
D00493,2026-02-16,Corporate,Delhi,Women Empowerment,Online,2385,True
D00494,2025-11-26,Individual,West Bengal,Healthcare,Online,2395,False
D00495,2025-06-08,Community,Rajasthan,Healthcare,Campaign Event,2669,True
D00496,2025-08-14,Individual,Jharkhand,Women Empowerment,Online,7357,True
D00497,2025-03-06,Corporate,Bihar,Healthcare,Campaign Event,3261,False
D00498,2025-07-24,Individual,Delhi,Healthcare,Bank Transfer,540,False
D00499,2026-05-21,Community,Bihar,Healthcare,Campaign Event,5157,False
D00500,2025-08-21,Individual,Delhi,Healthcare,Online,1394,False
D00501,2025-03-04,Individual,Bihar,Women Empowerment,Campaign Event,1951,False
D00502,2025-12-22,Individual,Jharkhand,Livelihood,Online,690,False
D00503,2026-06-10,Individual,Uttar Pradesh,Community Development,Online,2671,False
D00504,2026-04-19,Individual,Uttar Pradesh,Women Empowerment,UPI,1104,True
D00505,2025-05-30,Corporate,Bihar,Education,UPI,1940,False
D00506,2025-09-05,Individual,Rajasthan,Healthcare,Campaign Event,1455,False
D00507,2025-10-17,Community,Rajasthan,Healthcare,Online,7626,True
D00508,2025-05-16,Individual,West Bengal,Livelihood,Online,7960,False
D00509,2025-05-27,Corporate,Bihar,Healthcare,UPI,1864,False
D00510,2025-05-10,Individual,Delhi,Community Development,Campaign Event,1888,False
D00511,2026-06-28,Corporate,Rajasthan,Healthcare,Bank Transfer,1360,True
D00512,2026-02-12,Individual,Jharkhand,Livelihood,Campaign Event,4126,False
D00513,2026-04-05,Individual,Bihar,Education,Campaign Event,1406,False
D00514,2026-03-22,Community,Bihar,Community Development,Campaign Event,1312,True
D00515,2026-06-08,Individual,Uttar Pradesh,Community Development,UPI,3750,True
D00516,2025-02-27,Individual,Rajasthan,Women Empowerment,UPI,1202,True
D00517,2026-04-27,Corporate,Uttar Pradesh,Healthcare,UPI,1750,True
D00518,2025-02-06,Foundation,Rajasthan,Education,UPI,550,False
D00519,2025-09-17,Individual,West Bengal,Women Empowerment,UPI,3052,False
D00520,2025-11-21,Individual,Rajasthan,Livelihood,UPI,7717,True
D00521,2025-07-15,Foundation,West Bengal,Community Development,Bank Transfer,3092,True
D00522,2025-03-21,Corporate,Uttar Pradesh,Women Empowerment,UPI,5388,False
D00523,2025-04-15,Community,West Bengal,Livelihood,Campaign Event,954,True
D00524,2026-03-27,Individual,Uttar Pradesh,Community Development,Campaign Event,2149,False
D00525,2025-06-24,Corporate,Uttar Pradesh,Community Development,UPI,887,True
D00526,2025-06-19,Individual,Uttar Pradesh,Livelihood,Online,1517,True
D00527,2026-05-20,Community,Bihar,Education,UPI,3212,False
D00528,2025-03-20,Individual,Bihar,Education,Bank Transfer,1943,True
D00529,2026-05-15,Corporate,Uttar Pradesh,Livelihood,Online,624,False
D00530,2026-05-18,Individual,Bihar,Livelihood,Online,671,True
D00531,2025-11-23,Individual,Delhi,Education,UPI,639,False
D00532,2025-04-01,Corporate,Bihar,Education,Campaign Event,2602,False
D00533,2025-03-27,Individual,Bihar,Women Empowerment,UPI,8463,False
D00534,2025-06-05,Community,Rajasthan,Women Empowerment,Bank Transfer,5001,True
D00535,2025-11-12,Individual,Bihar,Education,Online,434,False
D00536,2025-03-25,Corporate,Bihar,Livelihood,UPI,5226,False
D00537,2025-09-06,Individual,Bihar,Education,Online,3633,True
D00538,2025-03-05,Individual,Bihar,Women Empowerment,Campaign Event,565,True
D00539,2025-10-22,Individual,Jharkhand,Community Development,Campaign Event,1434,False
D00540,2025-01-12,Individual,West Bengal,Community Development,Campaign Event,4094,True
D00541,2026-01-23,Individual,West Bengal,Livelihood,Bank Transfer,2720,False
D00542,2025-01-31,Corporate,Jharkhand,Women Empowerment,Online,674,False
D00543,2025-04-17,Corporate,Bihar,Community Development,Bank Transfer,2846,True
D00544,2025-04-06,Corporate,West Bengal,Women Empowerment,Campaign Event,362,False
D00545,2026-03-30,Individual,Bihar,Livelihood,Online,1523,False
D00546,2025-01-30,Individual,Jharkhand,Women Empowerment,Campaign Event,4226,True
D00547,2025-08-23,Individual,Delhi,Livelihood,Online,1825,False
D00548,2025-11-19,Corporate,Rajasthan,Community Development,Online,1238,True
D00549,2025-10-09,Foundation,Uttar Pradesh,Livelihood,Online,3507,True
D00550,2026-01-07,Individual,Jharkhand,Community Development,Campaign Event,3739,False
D00551,2026-03-15,Corporate,Delhi,Education,UPI,4808,True
D00552,2025-08-03,Individual,Jharkhand,Education,Bank Transfer,3468,False
D00553,2026-03-29,Individual,Rajasthan,Education,UPI,4050,True
D00554,2025-06-23,Individual,West Bengal,Livelihood,UPI,3119,False
D00555,2026-06-22,Individual,Delhi,Women Empowerment,UPI,2197,True
D00556,2025-10-03,Corporate,Delhi,Healthcare,UPI,1925,False
D00557,2026-02-06,Community,West Bengal,Education,Online,1507,False
D00558,2026-04-23,Individual,Delhi,Community Development,Bank Transfer,725,False
D00559,2026-03-09,Individual,Uttar Pradesh,Women Empowerment,UPI,879,False
D00560,2026-04-10,Corporate,Delhi,Women Empowerment,Online,1457,False
D00561,2025-10-20,Community,Bihar,Livelihood,Bank Transfer,2157,False
D00562,2025-01-24,Individual,Uttar Pradesh,Livelihood,Online,5304,False
D00563,2025-09-27,Individual,Delhi,Education,Campaign Event,1744,False
D00564,2025-04-10,Corporate,West Bengal,Education,Online,3821,False
D00565,2026-05-01,Individual,West Bengal,Community Development,Online,4044,False
D00566,2025-05-10,Community,Uttar Pradesh,Healthcare,UPI,1513,True
D00567,2025-05-05,Individual,Delhi,Women Empowerment,Online,2812,False
D00568,2025-05-17,Corporate,Bihar,Women Empowerment,Bank Transfer,1500,False
D00569,2025-12-17,Individual,West Bengal,Healthcare,Bank Transfer,4852,True
D00570,2025-11-08,Individual,Uttar Pradesh,Healthcare,Online,2900,True
D00571,2026-06-03,Foundation,West Bengal,Women Empowerment,Campaign Event,737,False
D00572,2025-08-16,Individual,Rajasthan,Education,UPI,2032,False
D00573,2025-06-04,Individual,West Bengal,Livelihood,Online,6196,True
D00574,2025-01-27,Community,Uttar Pradesh,Community Development,UPI,1571,True
D00575,2025-01-04,Foundation,Rajasthan,Women Empowerment,UPI,2518,False
D00576,2025-07-23,Individual,West Bengal,Women Empowerment,UPI,2711,False
D00577,2026-05-21,Individual,Jharkhand,Education,UPI,827,False
D00578,2025-10-13,Individual,Rajasthan,Education,Campaign Event,2640,False
D00579,2026-05-03,Corporate,Rajasthan,Healthcare,Bank Transfer,633,False
D00580,2025-02-25,Individual,Bihar,Healthcare,Bank Transfer,1126,False
D00581,2025-02-20,Individual,Rajasthan,Education,UPI,4033,True
D00582,2026-04-01,Community,West Bengal,Community Development,Campaign Event,2352,False
D00583,2025-02-28,Community,Uttar Pradesh,Education,UPI,1433,True
D00584,2025-01-29,Foundation,Uttar Pradesh,Women Empowerment,Online,2516,True
D00585,2025-08-09,Community,West Bengal,Livelihood,Bank Transfer,1721,False
D00586,2026-05-20,Corporate,Uttar Pradesh,Women Empowerment,UPI,1817,False
D00587,2026-01-12,Corporate,Delhi,Healthcare,Online,2946,True
D00588,2025-02-24,Corporate,West Bengal,Healthcare,Campaign Event,1043,False
D00589,2026-04-03,Individual,Jharkhand,Women Empowerment,Campaign Event,1855,False
D00590,2026-04-06,Individual,Rajasthan,Healthcare,Campaign Event,1424,True
D00591,2026-03-14,Individual,Bihar,Women Empowerment,Online,548,True
D00592,2026-05-08,Corporate,Uttar Pradesh,Education,UPI,903,True
D00593,2025-05-11,Individual,Rajasthan,Education,UPI,5835,False
D00594,2026-06-19,Individual,Jharkhand,Women Empowerment,UPI,2402,False
D00595,2025-06-25,Individual,Uttar Pradesh,Women Empowerment,Campaign Event,667,False
D00596,2026-03-14,Individual,Uttar Pradesh,Education,Bank Transfer,567,True
D00597,2025-11-13,Individual,Delhi,Community Development,UPI,1655,False
D00598,2026-03-02,Foundation,Jharkhand,Education,UPI,5805,False
D00599,2025-12-09,Foundation,Uttar Pradesh,Community Development,Campaign Event,1565,False
D00600,2025-12-17,Individual,Jharkhand,Women Empowerment,Campaign Event,4797,True
D00601,2025-12-03,Individual,Delhi,Community Development,Bank Transfer,2344,False
D00602,2026-03-02,Individual,Jharkhand,Community Development,Campaign Event,2563,False
D00603,2026-02-08,Corporate,Bihar,Healthcare,Online,661,True
D00604,2025-03-15,Foundation,Jharkhand,Women Empowerment,Bank Transfer,3636,True
D00605,2026-03-28,Individual,Rajasthan,Healthcare,UPI,1400,True
D00606,2025-10-20,Corporate,Bihar,Livelihood,Online,3439,True
D00607,2025-06-26,Individual,Uttar Pradesh,Healthcare,Bank Transfer,977,False
D00608,2025-10-08,Individual,West Bengal,Livelihood,UPI,2056,True
D00609,2026-06-12,Community,Jharkhand,Community Development,UPI,2344,True
D00610,2026-04-14,Individual,West Bengal,Livelihood,Online,1604,False
D00611,2026-04-01,Individual,Jharkhand,Education,Bank Transfer,2438,True
D00612,2025-09-10,Individual,West Bengal,Healthcare,Online,1474,True
D00613,2026-03-05,Individual,Jharkhand,Women Empowerment,UPI,1106,False
D00614,2025-07-30,Community,Bihar,Livelihood,Bank Transfer,6001,True
D00615,2026-01-10,Community,West Bengal,Livelihood,UPI,3953,True
D00616,2025-12-16,Individual,Delhi,Livelihood,UPI,1017,True
D00617,2025-05-17,Individual,Bihar,Healthcare,Campaign Event,2757,True
D00618,2025-05-26,Corporate,Delhi,Livelihood,Online,1031,False
D00619,2025-02-03,Individual,Delhi,Women Empowerment,Campaign Event,740,True
D00620,2025-03-18,Foundation,Bihar,Community Development,Online,3908,True
D00621,2025-08-25,Corporate,Rajasthan,Women Empowerment,Online,501,False
D00622,2025-09-18,Individual,Uttar Pradesh,Community Development,Online,3607,False
D00623,2025-04-01,Foundation,Uttar Pradesh,Community Development,Online,1489,True
D00624,2025-08-16,Individual,Delhi,Education,Campaign Event,1536,True
D00625,2025-11-26,Individual,West Bengal,Healthcare,Online,2448,False
D00626,2025-05-07,Individual,West Bengal,Healthcare,UPI,2783,False
D00627,2025-07-04,Individual,West Bengal,Education,Bank Transfer,969,False
D00628,2025-07-20,Corporate,Uttar Pradesh,Education,Online,3084,True
D00629,2025-10-03,Corporate,Rajasthan,Women Empowerment,Bank Transfer,1960,True
D00630,2025-07-20,Community,West Bengal,Healthcare,Online,702,False
D00631,2026-02-07,Community,Delhi,Education,Bank Transfer,1585,False
D00632,2025-06-28,Individual,Jharkhand,Healthcare,UPI,5072,False
D00633,2025-08-25,Individual,Bihar,Healthcare,UPI,6330,True
D00634,2025-07-27,Corporate,West Bengal,Education,Bank Transfer,3083,False
D00635,2025-04-10,Community,Rajasthan,Education,Campaign Event,737,True
D00636,2026-01-10,Individual,Delhi,Women Empowerment,UPI,2601,False
D00637,2025-05-09,Individual,Jharkhand,Community Development,Bank Transfer,3407,False
D00638,2025-06-12,Individual,Delhi,Livelihood,Bank Transfer,3102,False
D00639,2026-03-09,Individual,Bihar,Women Empowerment,Online,3243,True
D00640,2026-06-03,Corporate,Jharkhand,Community Development,Campaign Event,2364,False
D00641,2026-01-02,Individual,West Bengal,Community Development,Campaign Event,1705,False
D00642,2026-05-16,Corporate,Rajasthan,Education,Bank Transfer,1141,False
D00643,2026-04-12,Foundation,Rajasthan,Community Development,UPI,434,True
D00644,2025-09-20,Foundation,Delhi,Education,UPI,2322,False
D00645,2026-02-25,Individual,Rajasthan,Education,UPI,2070,True
D00646,2025-06-29,Individual,Jharkhand,Livelihood,Online,2735,True
D00647,2025-09-09,Corporate,Jharkhand,Women Empowerment,Campaign Event,660,True
D00648,2025-10-20,Foundation,Jharkhand,Education,Campaign Event,2920,True
D00649,2026-06-09,Individual,Rajasthan,Healthcare,Campaign Event,8404,True
D00650,2026-04-09,Foundation,West Bengal,Healthcare,Campaign Event,1909,False
D00651,2025-09-25,Individual,Bihar,Healthcare,Campaign Event,1719,True
D00652,2025-12-23,Foundation,Bihar,Community Development,UPI,2269,True
D00653,2025-04-21,Individual,Delhi,Healthcare,Online,8265,True
D00654,2026-03-16,Individual,Jharkhand,Healthcare,Bank Transfer,835,True
D00655,2025-10-29,Individual,West Bengal,Education,Online,2096,False
D00656,2025-10-18,Individual,Delhi,Education,Online,988,False
D00657,2026-02-23,Individual,Jharkhand,Education,Campaign Event,1194,True
D00658,2025-12-12,Individual,Rajasthan,Livelihood,Campaign Event,1734,False
D00659,2025-02-09,Individual,Delhi,Livelihood,UPI,4945,False
D00660,2025-06-07,Corporate,Delhi,Livelihood,UPI,6949,False
D00661,2025-04-07,Individual,Jharkhand,Community Development,Online,2519,True
D00662,2026-02-06,Corporate,Delhi,Livelihood,Online,1357,True
D00663,2025-01-20,Foundation,Rajasthan,Education,Campaign Event,11674,False
D00664,2025-04-21,Individual,Rajasthan,Healthcare,Bank Transfer,1306,False
D00665,2025-11-23,Individual,Jharkhand,Healthcare,UPI,1173,False
D00666,2026-01-15,Foundation,Delhi,Community Development,Bank Transfer,475,False
D00667,2025-10-02,Foundation,Jharkhand,Healthcare,Online,5129,True
D00668,2026-04-15,Individual,Uttar Pradesh,Education,Campaign Event,3721,False
D00669,2026-05-17,Foundation,Delhi,Women Empowerment,Campaign Event,11036,False
D00670,2025-03-14,Individual,Uttar Pradesh,Livelihood,UPI,635,False
D00671,2026-06-05,Individual,Bihar,Education,Bank Transfer,5373,False
D00672,2025-12-02,Corporate,Bihar,Women Empowerment,UPI,1897,False
D00673,2025-12-14,Individual,Jharkhand,Healthcare,Campaign Event,3295,False
D00674,2025-02-21,Corporate,Bihar,Community Development,UPI,523,False
D00675,2025-12-06,Individual,Jharkhand,Community Development,Bank Transfer,5413,False
D00676,2026-02-01,Corporate,Delhi,Healthcare,Bank Transfer,3247,False
D00677,2025-11-14,Individual,Delhi,Livelihood,UPI,1748,False
D00678,2025-02-16,Individual,West Bengal,Livelihood,Bank Transfer,2920,True
D00679,2025-10-13,Individual,Jharkhand,Women Empowerment,UPI,1014,True
D00680,2026-05-27,Individual,West Bengal,Education,Online,1166,True
D00681,2026-01-30,Corporate,West Bengal,Healthcare,Online,1272,True
D00682,2025-03-17,Individual,Bihar,Education,Campaign Event,449,True
D00683,2026-06-09,Individual,Uttar Pradesh,Women Empowerment,Bank Transfer,3435,False
D00684,2026-06-08,Individual,Jharkhand,Education,Bank Transfer,4399,True
D00685,2025-04-03,Individual,Rajasthan,Livelihood,UPI,1064,True
D00686,2026-03-14,Foundation,Bihar,Women Empowerment,Bank Transfer,2337,False
D00687,2025-08-11,Individual,Bihar,Community Development,Campaign Event,1475,True
D00688,2025-11-21,Community,Rajasthan,Healthcare,Online,2302,False
D00689,2025-09-01,Individual,Rajasthan,Education,Campaign Event,1124,False
D00690,2026-03-04,Corporate,Uttar Pradesh,Women Empowerment,Online,928,False
D00691,2026-06-29,Individual,Delhi,Education,Bank Transfer,3962,True
D00692,2026-03-11,Individual,Jharkhand,Education,UPI,1716,True
D00693,2026-05-24,Foundation,Uttar Pradesh,Community Development,Campaign Event,8202,False
D00694,2026-06-01,Community,Uttar Pradesh,Community Development,Online,1864,False
D00695,2025-02-19,Foundation,Delhi,Women Empowerment,UPI,899,True
D00696,2025-05-19,Individual,Jharkhand,Community Development,Online,4518,False
D00697,2026-01-30,Individual,Uttar Pradesh,Education,Online,2889,False
D00698,2025-11-19,Corporate,Delhi,Education,Campaign Event,3105,True
D00699,2025-01-28,Individual,Uttar Pradesh,Healthcare,UPI,4396,False
D00700,2025-02-21,Corporate,West Bengal,Education,Bank Transfer,1103,True
D00701,2025-10-12,Individual,Bihar,Community Development,UPI,1636,True
D00702,2025-12-03,Individual,Uttar Pradesh,Education,Bank Transfer,1583,False
D00703,2025-04-02,Foundation,Uttar Pradesh,Livelihood,Bank Transfer,684,True
D00704,2025-04-04,Corporate,Rajasthan,Community Development,Bank Transfer,1477,False
D00705,2025-03-12,Individual,Rajasthan,Women Empowerment,Bank Transfer,4904,False
D00706,2025-11-05,Individual,Jharkhand,Healthcare,Campaign Event,2151,True
D00707,2025-01-05,Individual,Bihar,Livelihood,Bank Transfer,656,False
D00708,2025-11-09,Individual,West Bengal,Livelihood,Bank Transfer,560,True
D00709,2025-09-17,Individual,Delhi,Women Empowerment,UPI,6274,True
D00710,2025-09-12,Individual,Rajasthan,Livelihood,Campaign Event,1682,False
D00711,2026-01-06,Corporate,Delhi,Healthcare,Bank Transfer,1108,False
D00712,2025-10-13,Foundation,Rajasthan,Women Empowerment,Campaign Event,1466,False
D00713,2026-02-02,Individual,West Bengal,Community Development,Bank Transfer,594,True
D00714,2026-02-22,Individual,Uttar Pradesh,Livelihood,UPI,5234,True
D00715,2026-05-18,Individual,West Bengal,Education,Campaign Event,1340,False
D00716,2026-03-13,Individual,Uttar Pradesh,Livelihood,Bank Transfer,5020,True
D00717,2025-10-10,Individual,Delhi,Community Development,Online,1871,True
D00718,2025-09-26,Individual,Uttar Pradesh,Community Development,UPI,5259,False
D00719,2025-05-09,Corporate,West Bengal,Livelihood,Online,2182,True
D00720,2025-11-24,Individual,Uttar Pradesh,Education,Bank Transfer,3413,True
D00721,2025-03-17,Individual,Jharkhand,Livelihood,Campaign Event,3087,True
D00722,2026-05-24,Individual,Jharkhand,Community Development,Bank Transfer,2873,False
D00723,2026-04-07,Foundation,West Bengal,Community Development,UPI,2337,False
D00724,2025-03-07,Corporate,Rajasthan,Education,UPI,1512,False
D00725,2026-03-06,Individual,Bihar,Healthcare,Online,7571,True
D00726,2025-03-05,Foundation,Rajasthan,Livelihood,Bank Transfer,912,True
D00727,2026-01-29,Individual,Bihar,Education,UPI,1806,False
D00728,2025-02-17,Individual,Jharkhand,Community Development,Online,1820,True
D00729,2025-09-24,Community,Delhi,Education,Bank Transfer,2434,False
D00730,2025-12-26,Individual,Jharkhand,Women Empowerment,Bank Transfer,1304,False
D00731,2026-02-02,Individual,West Bengal,Community Development,Campaign Event,2279,False
D00732,2025-08-17,Individual,Rajasthan,Women Empowerment,Online,1586,False
D00733,2026-05-19,Individual,Delhi,Women Empowerment,Campaign Event,550,False
D00734,2026-02-27,Corporate,Rajasthan,Healthcare,Bank Transfer,1813,True
D00735,2025-04-24,Individual,Uttar Pradesh,Community Development,UPI,788,False
D00736,2026-01-02,Individual,Uttar Pradesh,Livelihood,UPI,490,False
D00737,2026-02-03,Individual,Delhi,Education,Bank Transfer,1995,False
D00738,2025-07-02,Individual,Jharkhand,Healthcare,Campaign Event,2595,False
D00739,2026-02-08,Individual,West Bengal,Healthcare,Online,2672,False
D00740,2026-05-06,Individual,West Bengal,Livelihood,Online,2754,False
D00741,2026-03-23,Foundation,Uttar Pradesh,Healthcare,Campaign Event,422,True
D00742,2026-02-21,Individual,Uttar Pradesh,Livelihood,UPI,649,False
D00743,2025-12-13,Individual,Rajasthan,Livelihood,Campaign Event,7908,False
D00744,2025-05-28,Individual,Delhi,Healthcare,Bank Transfer,821,True
D00745,2026-03-11,Individual,Uttar Pradesh,Women Empowerment,Online,2846,False
D00746,2025-07-18,Individual,Rajasthan,Healthcare,Online,1075,False
D00747,2025-10-18,Individual,Delhi,Women Empowerment,Bank Transfer,1911,False
D00748,2025-06-21,Individual,Rajasthan,Healthcare,Online,1119,True
D00749,2025-06-20,Foundation,Rajasthan,Community Development,Campaign Event,2743,False
D00750,2025-03-28,Community,Rajasthan,Healthcare,Online,1994,True
D00751,2026-06-09,Individual,Jharkhand,Education,Campaign Event,1286,True
D00752,2025-03-22,Individual,West Bengal,Education,Online,819,False
D00753,2025-02-17,Individual,Rajasthan,Community Development,Online,2200,True
D00754,2026-05-27,Individual,Uttar Pradesh,Community Development,Bank Transfer,725,True
D00755,2025-10-31,Individual,Bihar,Healthcare,Online,2480,False
D00756,2025-08-28,Foundation,Uttar Pradesh,Women Empowerment,Bank Transfer,12905,True
D00757,2026-02-07,Corporate,Jharkhand,Livelihood,Bank Transfer,4955,False
D00758,2025-07-29,Foundation,Jharkhand,Education,UPI,3085,False
D00759,2025-03-11,Individual,Bihar,Livelihood,UPI,1688,False
D00760,2026-02-03,Community,Jharkhand,Women Empowerment,Online,421,False
D00761,2025-04-07,Individual,Uttar Pradesh,Community Development,Online,668,False
D00762,2025-10-29,Individual,Jharkhand,Community Development,Online,4711,True
D00763,2026-06-03,Individual,Jharkhand,Education,Online,995,False
D00764,2026-05-27,Community,Jharkhand,Healthcare,Online,1065,True
D00765,2025-07-16,Individual,Delhi,Livelihood,Bank Transfer,1590,False
D00766,2026-03-03,Foundation,Delhi,Education,UPI,812,False
D00767,2025-12-01,Individual,West Bengal,Livelihood,Bank Transfer,717,True
D00768,2025-09-19,Community,West Bengal,Education,Bank Transfer,1733,True
D00769,2025-03-18,Individual,West Bengal,Education,Bank Transfer,922,False
D00770,2025-07-25,Individual,Delhi,Education,UPI,1033,True
D00771,2025-12-22,Community,Delhi,Healthcare,Bank Transfer,1002,True
D00772,2026-06-23,Individual,Uttar Pradesh,Women Empowerment,Online,2663,True
D00773,2025-01-03,Individual,Jharkhand,Education,Bank Transfer,1512,False
D00774,2026-01-27,Individual,Bihar,Community Development,Online,1574,False
D00775,2026-04-08,Individual,Delhi,Healthcare,Bank Transfer,2817,False
D00776,2026-06-04,Individual,Uttar Pradesh,Education,Campaign Event,1618,False
D00777,2025-08-20,Individual,Jharkhand,Healthcare,Bank Transfer,1461,True
D00778,2025-03-06,Individual,Rajasthan,Women Empowerment,Online,2562,True
D00779,2025-05-28,Foundation,Rajasthan,Education,UPI,2971,False
D00780,2026-04-10,Individual,Delhi,Education,Online,1612,False
D00781,2026-04-25,Individual,Bihar,Community Development,Online,1912,False
D00782,2025-12-14,Individual,Uttar Pradesh,Livelihood,Online,1001,False
D00783,2025-03-09,Individual,Bihar,Healthcare,Campaign Event,944,False
D00784,2025-03-08,Corporate,West Bengal,Women Empowerment,Campaign Event,3205,False
D00785,2025-09-19,Community,Rajasthan,Community Development,UPI,2513,False
D00786,2025-11-18,Community,Jharkhand,Healthcare,UPI,2533,False
D00787,2025-01-18,Individual,Uttar Pradesh,Livelihood,UPI,2222,False
D00788,2026-01-10,Individual,Bihar,Education,UPI,1863,False
D00789,2025-10-25,Individual,Rajasthan,Healthcare,UPI,3035,False
D00790,2025-01-07,Individual,Uttar Pradesh,Livelihood,Campaign Event,3630,False
D00791,2025-02-22,Individual,Bihar,Education,UPI,3565,True
D00792,2025-09-06,Corporate,Uttar Pradesh,Community Development,Online,1669,True
D00793,2026-01-30,Individual,Uttar Pradesh,Community Development,Bank Transfer,5094,False
D00794,2026-03-27,Individual,Jharkhand,Healthcare,Campaign Event,2136,False
D00795,2025-08-24,Individual,Rajasthan,Healthcare,Bank Transfer,2892,False
D00796,2025-06-11,Individual,Uttar Pradesh,Education,Online,2224,False
D00797,2026-06-13,Individual,West Bengal,Livelihood,Campaign Event,2166,True
D00798,2025-09-08,Individual,Bihar,Education,UPI,1037,False
D00799,2025-06-22,Corporate,Bihar,Healthcare,UPI,3046,False
D00800,2025-08-30,Individual,Bihar,Livelihood,Bank Transfer,15207,False
D00801,2025-01-07,Individual,Rajasthan,Women Empowerment,Online,1359,False
D00802,2025-06-14,Individual,Jharkhand,Livelihood,Bank Transfer,1898,True
D00803,2025-10-09,Corporate,West Bengal,Healthcare,Bank Transfer,1288,False
D00804,2026-05-17,Individual,Bihar,Women Empowerment,Campaign Event,1248,False
D00805,2026-02-08,Foundation,Bihar,Women Empowerment,Bank Transfer,5732,False
D00806,2026-03-03,Community,Rajasthan,Women Empowerment,Online,1087,False
D00807,2025-10-25,Individual,Bihar,Livelihood,Bank Transfer,1261,True
D00808,2025-03-02,Corporate,Bihar,Community Development,Campaign Event,547,False
D00809,2025-08-02,Individual,Jharkhand,Healthcare,Bank Transfer,1020,False
D00810,2026-06-29,Community,Jharkhand,Community Development,Bank Transfer,500,True
D00811,2025-01-25,Individual,Uttar Pradesh,Healthcare,UPI,2891,False
D00812,2026-04-26,Community,Delhi,Healthcare,UPI,14696,True
D00813,2026-01-09,Individual,West Bengal,Livelihood,Bank Transfer,1367,True
D00814,2025-06-05,Individual,Delhi,Livelihood,Campaign Event,516,True
D00815,2026-03-01,Individual,Delhi,Women Empowerment,UPI,3535,True
D00816,2026-04-02,Corporate,Bihar,Healthcare,Online,1044,False
D00817,2025-01-24,Individual,Delhi,Community Development,Bank Transfer,4770,False
D00818,2025-02-28,Individual,West Bengal,Healthcare,Campaign Event,1457,True
D00819,2025-12-30,Corporate,Jharkhand,Livelihood,Bank Transfer,1121,False
D00820,2026-06-30,Foundation,Rajasthan,Community Development,UPI,1575,False
D00821,2025-01-14,Individual,Bihar,Livelihood,UPI,3178,True
D00822,2025-12-30,Individual,Bihar,Women Empowerment,UPI,1518,True
D00823,2025-03-16,Individual,Jharkhand,Community Development,Campaign Event,1240,False
D00824,2025-12-21,Corporate,Uttar Pradesh,Community Development,Online,1551,True
D00825,2025-12-07,Individual,Jharkhand,Livelihood,UPI,693,False
D00826,2025-02-19,Foundation,Rajasthan,Livelihood,UPI,2424,True
D00827,2026-01-07,Individual,Delhi,Education,Online,471,False
D00828,2026-05-05,Individual,Jharkhand,Livelihood,UPI,1290,False
D00829,2026-04-17,Individual,West Bengal,Community Development,Online,3181,True
D00830,2025-01-16,Individual,Bihar,Livelihood,Bank Transfer,2259,True
D00831,2025-05-15,Corporate,Rajasthan,Healthcare,Bank Transfer,2803,False
D00832,2025-05-12,Individual,Uttar Pradesh,Education,Online,1714,False
D00833,2025-09-05,Individual,West Bengal,Healthcare,Campaign Event,4328,False
D00834,2025-03-20,Community,Jharkhand,Healthcare,Online,3601,True
D00835,2026-04-12,Community,Bihar,Community Development,Bank Transfer,2515,True
D00836,2026-03-01,Foundation,West Bengal,Livelihood,Campaign Event,3609,False
D00837,2026-03-18,Individual,Uttar Pradesh,Education,Campaign Event,3160,False
D00838,2025-04-19,Individual,Jharkhand,Education,Online,1295,True
D00839,2025-01-08,Foundation,Rajasthan,Community Development,Bank Transfer,657,False
D00840,2026-05-13,Individual,Rajasthan,Community Development,UPI,2467,False
D00841,2025-06-07,Individual,Rajasthan,Women Empowerment,Campaign Event,2711,True
D00842,2025-12-25,Foundation,Delhi,Education,Campaign Event,4078,True
D00843,2026-05-12,Individual,Jharkhand,Education,UPI,892,True
D00844,2025-01-20,Individual,Uttar Pradesh,Education,Online,912,False
D00845,2025-01-03,Community,Rajasthan,Women Empowerment,Campaign Event,2541,False
D00846,2025-01-03,Individual,Delhi,Women Empowerment,Online,1706,False
D00847,2025-03-27,Individual,West Bengal,Community Development,Online,438,True
D00848,2025-01-29,Individual,Delhi,Education,UPI,2385,False
D00849,2026-03-24,Individual,West Bengal,Education,UPI,449,False
D00850,2025-11-27,Individual,Uttar Pradesh,Community Development,Online,886,False
D00851,2026-06-20,Corporate,West Bengal,Community Development,Online,4961,False
D00852,2026-03-14,Foundation,Bihar,Women Empowerment,UPI,7074,True
D00853,2026-06-10,Individual,Bihar,Education,Bank Transfer,723,False
D00854,2025-05-11,Individual,Delhi,Education,UPI,1406,False
D00855,2025-06-07,Foundation,Delhi,Education,Bank Transfer,1858,True
D00856,2026-04-09,Individual,West Bengal,Women Empowerment,UPI,6846,True
D00857,2025-05-14,Individual,Delhi,Community Development,Bank Transfer,1244,False
D00858,2025-02-01,Individual,Bihar,Women Empowerment,Bank Transfer,1259,False
D00859,2026-01-01,Corporate,Uttar Pradesh,Healthcare,Bank Transfer,5751,True
D00860,2026-03-14,Individual,Delhi,Women Empowerment,UPI,1359,False
D00861,2026-06-13,Corporate,Jharkhand,Education,UPI,3094,False
D00862,2026-05-22,Individual,Jharkhand,Community Development,UPI,594,True
D00863,2025-03-07,Individual,Uttar Pradesh,Community Development,UPI,1583,False
D00864,2026-02-26,Individual,Jharkhand,Women Empowerment,Online,518,False
D00865,2026-04-07,Individual,Jharkhand,Community Development,Campaign Event,816,False
D00866,2026-01-17,Individual,West Bengal,Livelihood,UPI,3378,True
D00867,2026-03-24,Individual,Jharkhand,Livelihood,UPI,1734,True
D00868,2026-04-03,Individual,West Bengal,Healthcare,Campaign Event,1417,False
D00869,2025-09-01,Individual,Uttar Pradesh,Community Development,Campaign Event,1027,True
D00870,2025-01-22,Individual,West Bengal,Women Empowerment,UPI,1525,False
D00871,2025-09-07,Individual,Bihar,Education,Campaign Event,2256,False
D00872,2025-04-21,Community,Bihar,Community Development,Bank Transfer,3762,True
D00873,2025-03-04,Individual,Rajasthan,Education,UPI,251,False
D00874,2025-03-10,Foundation,Delhi,Livelihood,Bank Transfer,965,False
D00875,2026-01-16,Community,Jharkhand,Education,UPI,2028,False
D00876,2025-10-03,Individual,Jharkhand,Women Empowerment,Online,1671,False
D00877,2025-10-22,Corporate,West Bengal,Livelihood,Campaign Event,2436,True
D00878,2026-02-11,Foundation,Uttar Pradesh,Livelihood,Online,2200,True
D00879,2025-10-27,Corporate,Uttar Pradesh,Women Empowerment,UPI,1432,False
D00880,2025-12-10,Individual,Bihar,Women Empowerment,Online,1212,False
D00881,2025-02-16,Individual,Rajasthan,Healthcare,Online,1497,False
D00882,2026-04-10,Individual,Uttar Pradesh,Community Development,Campaign Event,4260,False
D00883,2025-09-03,Individual,Jharkhand,Livelihood,Campaign Event,1040,True
D00884,2025-03-26,Community,Delhi,Education,Online,1717,False
D00885,2026-03-21,Community,Bihar,Education,Online,2065,True
D00886,2026-02-06,Individual,Delhi,Healthcare,Campaign Event,5801,True
D00887,2025-01-29,Corporate,Bihar,Women Empowerment,Campaign Event,1437,False
D00888,2025-04-16,Individual,Uttar Pradesh,Livelihood,Online,3695,False
D00889,2025-01-09,Community,Bihar,Healthcare,UPI,4535,False
D00890,2025-05-28,Individual,West Bengal,Livelihood,Bank Transfer,1716,True
D00891,2025-02-24,Community,Jharkhand,Community Development,UPI,1537,False
D00892,2026-01-23,Foundation,Rajasthan,Livelihood,Bank Transfer,1406,False
D00893,2025-10-13,Individual,Delhi,Education,Online,1486,False
D00894,2026-06-20,Individual,Uttar Pradesh,Education,Bank Transfer,3416,False
D00895,2026-02-14,Foundation,Jharkhand,Livelihood,UPI,2141,False
D00896,2025-11-30,Individual,Rajasthan,Livelihood,Campaign Event,2147,False
D00897,2025-10-06,Individual,Jharkhand,Community Development,Online,774,True
D00898,2025-01-30,Community,Bihar,Livelihood,Campaign Event,871,True
D00899,2025-02-08,Individual,Uttar Pradesh,Women Empowerment,UPI,8983,False
D00900,2025-12-03,Individual,Rajasthan,Livelihood,Campaign Event,1575,False
D00901,2025-01-03,Individual,Jharkhand,Healthcare,Campaign Event,1007,True
D00902,2025-01-24,Individual,Rajasthan,Women Empowerment,Online,5265,True
D00903,2025-04-30,Community,Jharkhand,Women Empowerment,Online,2224,False
D00904,2026-04-28,Individual,Bihar,Women Empowerment,Campaign Event,2777,False
D00905,2025-09-08,Individual,Rajasthan,Education,Online,1623,True
D00906,2026-01-23,Individual,West Bengal,Women Empowerment,Online,1417,False
D00907,2025-08-13,Community,West Bengal,Healthcare,Bank Transfer,1585,False
D00908,2025-04-05,Individual,Rajasthan,Women Empowerment,Campaign Event,638,False
D00909,2025-07-22,Foundation,Uttar Pradesh,Women Empowerment,Campaign Event,1685,True
D00910,2025-02-20,Corporate,Rajasthan,Women Empowerment,UPI,2247,False
D00911,2026-02-25,Foundation,Uttar Pradesh,Community Development,Online,7211,True
D00912,2025-04-11,Community,Rajasthan,Livelihood,Bank Transfer,1920,True
D00913,2025-07-25,Foundation,Uttar Pradesh,Education,UPI,313,False
D00914,2026-06-20,Community,Jharkhand,Women Empowerment,Online,1677,False
D00915,2025-11-20,Individual,West Bengal,Women Empowerment,UPI,14047,True
D00916,2025-09-08,Corporate,Bihar,Education,Online,3447,False
D00917,2025-10-24,Individual,Bihar,Education,Bank Transfer,980,True
D00918,2026-03-05,Individual,Rajasthan,Healthcare,Online,2804,False
D00919,2025-05-19,Foundation,Bihar,Community Development,UPI,1032,False
D00920,2025-12-14,Community,Jharkhand,Livelihood,Campaign Event,652,False
D00921,2026-04-22,Corporate,Rajasthan,Community Development,Online,1386,False
D00922,2025-11-09,Individual,Jharkhand,Community Development,Campaign Event,1928,False
D00923,2025-09-01,Individual,Delhi,Livelihood,UPI,442,False
D00924,2025-03-21,Individual,Delhi,Women Empowerment,Campaign Event,760,False
D00925,2025-05-16,Individual,Jharkhand,Healthcare,Campaign Event,1814,False
D00926,2026-06-01,Individual,Jharkhand,Education,Online,1325,True
D00927,2025-10-23,Individual,Jharkhand,Healthcare,UPI,2420,False
D00928,2025-06-14,Individual,Bihar,Livelihood,UPI,724,True
D00929,2025-08-17,Corporate,Jharkhand,Education,Online,3075,False
D00930,2025-11-12,Individual,West Bengal,Healthcare,Bank Transfer,741,True
D00931,2025-10-21,Community,West Bengal,Education,Campaign Event,6171,True
D00932,2026-01-18,Individual,Bihar,Women Empowerment,UPI,497,False
D00933,2025-05-21,Individual,West Bengal,Community Development,Bank Transfer,793,True
D00934,2025-12-21,Individual,West Bengal,Community Development,Bank Transfer,2462,True
D00935,2025-08-30,Individual,Uttar Pradesh,Healthcare,Campaign Event,6271,False
D00936,2026-05-29,Community,Rajasthan,Livelihood,Bank Transfer,2280,True
D00937,2025-03-28,Individual,Jharkhand,Community Development,Online,2745,True
D00938,2025-03-23,Individual,Delhi,Livelihood,UPI,1824,False
D00939,2025-09-10,Community,West Bengal,Healthcare,Campaign Event,834,True
D00940,2025-10-05,Community,Jharkhand,Healthcare,Online,1246,True
D00941,2026-01-13,Individual,Jharkhand,Women Empowerment,Bank Transfer,725,True
D00942,2025-08-09,Individual,Uttar Pradesh,Livelihood,Bank Transfer,690,True
D00943,2026-05-14,Individual,Rajasthan,Community Development,Online,2433,True
D00944,2025-09-16,Individual,Rajasthan,Community Development,UPI,775,True
D00945,2025-03-12,Individual,Bihar,Education,Bank Transfer,2287,False
D00946,2025-03-07,Individual,West Bengal,Women Empowerment,Online,678,False
D00947,2026-06-16,Community,Bihar,Healthcare,Bank Transfer,2248,True
D00948,2025-03-15,Individual,Delhi,Livelihood,Campaign Event,1248,True
D00949,2026-06-02,Corporate,Rajasthan,Healthcare,Campaign Event,5169,False
D00950,2025-06-01,Individual,Uttar Pradesh,Healthcare,UPI,2295,False
D00951,2025-02-21,Foundation,Delhi,Healthcare,Bank Transfer,4548,False
D00952,2025-06-16,Individual,Uttar Pradesh,Education,Campaign Event,1021,False
D00953,2025-12-02,Foundation,West Bengal,Women Empowerment,Online,1877,True
D00954,2025-08-22,Community,Delhi,Education,UPI,862,False
D00955,2026-03-05,Individual,Jharkhand,Healthcare,UPI,1320,False
D00956,2025-11-30,Individual,Rajasthan,Education,UPI,1479,False
D00957,2025-08-07,Individual,Jharkhand,Education,Online,1044,True
D00958,2025-12-13,Individual,West Bengal,Healthcare,UPI,723,True
D00959,2026-06-15,Community,Bihar,Community Development,UPI,624,True
D00960,2025-08-13,Individual,Uttar Pradesh,Community Development,Campaign Event,311,True
D00961,2025-03-25,Corporate,Rajasthan,Healthcare,Online,815,True
D00962,2025-08-12,Individual,Rajasthan,Livelihood,UPI,2882,False
D00963,2026-04-04,Individual,Jharkhand,Community Development,Campaign Event,543,True
D00964,2025-04-29,Individual,Delhi,Healthcare,Bank Transfer,645,False
D00965,2026-06-03,Corporate,Uttar Pradesh,Community Development,UPI,6896,True
D00966,2025-11-18,Corporate,Rajasthan,Education,Online,1117,True
D00967,2025-11-25,Individual,West Bengal,Healthcare,UPI,2290,False
D00968,2025-06-23,Individual,Uttar Pradesh,Healthcare,UPI,2914,False
D00969,2026-05-18,Corporate,Jharkhand,Education,Online,2958,True
D00970,2025-01-20,Individual,Jharkhand,Community Development,Online,575,False
D00971,2025-06-13,Community,Delhi,Community Development,UPI,1514,True
D00972,2025-08-17,Individual,Rajasthan,Healthcare,Online,535,True
D00973,2025-09-18,Individual,Bihar,Community Development,Bank Transfer,11274,False
D00974,2025-09-16,Individual,Uttar Pradesh,Women Empowerment,Online,544,True
D00975,2025-03-22,Individual,Bihar,Community Development,Campaign Event,820,False
D00976,2025-05-04,Individual,West Bengal,Community Development,UPI,825,True
D00977,2025-02-22,Individual,Jharkhand,Livelihood,Campaign Event,586,False
D00978,2025-11-09,Community,Rajasthan,Education,Online,4964,False
D00979,2025-07-11,Individual,Jharkhand,Community Development,Online,11074,True
D00980,2025-11-05,Individual,Bihar,Women Empowerment,UPI,1260,True
D00981,2025-11-18,Individual,Delhi,Community Development,UPI,669,False
D00982,2026-01-19,Individual,Bihar,Community Development,Campaign Event,336,False
D00983,2025-10-26,Individual,West Bengal,Education,Campaign Event,1499,False
D00984,2025-12-20,Individual,West Bengal,Livelihood,Campaign Event,1420,False
D00985,2025-11-17,Corporate,Rajasthan,Education,Online,1104,False
D00986,2025-12-23,Individual,Delhi,Education,Bank Transfer,2125,True
D00987,2025-12-03,Community,Uttar Pradesh,Community Development,Campaign Event,2421,False
D00988,2025-06-22,Individual,Bihar,Community Development,UPI,2294,True
D00989,2025-05-15,Foundation,Delhi,Community Development,Campaign Event,1420,False
D00990,2026-03-06,Individual,Delhi,Community Development,UPI,788,True
D00991,2025-07-07,Individual,West Bengal,Women Empowerment,Online,2966,True
D00992,2025-10-27,Foundation,West Bengal,Livelihood,Bank Transfer,1817,False
D00993,2025-04-18,Corporate,Bihar,Community Development,Campaign Event,3505,False
D00994,2025-08-24,Corporate,Uttar Pradesh,Livelihood,UPI,3255,False
D00995,2025-10-17,Individual,Jharkhand,Women Empowerment,Online,620,False
D00996,2025-12-08,Corporate,Delhi,Healthcare,Online,614,False
D00997,2025-10-15,Foundation,Bihar,Women Empowerment,Campaign Event,1021,False
D00998,2025-07-16,Corporate,Rajasthan,Community Development,Campaign Event,815,False
D00999,2026-06-10,Individual,West Bengal,Women Empowerment,Campaign Event,3172,False
D01000,2025-10-07,Corporate,Jharkhand,Livelihood,Online,2343,False
